# Serve blog category index pages
/blog/real-estate                       /blog/real-estate/index.html                 200
/blog/real-estate/                      /blog/real-estate/index.html                 200
/blog/executive-education               /blog/executive-education/index.html         200
/blog/executive-education/              /blog/executive-education/index.html         200
/blog/how-to-guides                     /blog/how-to-guides/index.html               200
/blog/how-to-guides/                    /blog/how-to-guides/index.html               200
/blog/case-studies                      /blog/case-studies/index.html                200
/blog/case-studies/                     /blog/case-studies/index.html                200

# Serve blog files directly (prevent catch-all from catching these)
/blog/*                                 /blog/:splat                                 200

# Real estate subdirectory - serve directly
/blog/real-estate/*                     /blog/real-estate/:splat                     200
/blog/executive-education/*             /blog/executive-education/:splat             200
/blog/how-to-guides/*                   /blog/how-to-guides/:splat                   200
/blog/case-studies/*                    /blog/case-studies/:splat                    200

# Redirect old blog article URLs to new category locations (English)
/blog/what-is-agentic-ai-mena.html              /blog/executive-education/what-is-agentic-ai-mena.html              301
/blog/what-is-agentic-ai-mena                   /blog/executive-education/what-is-agentic-ai-mena.html              301
/what-is-agentic-ai-mena.html                   /blog/executive-education/what-is-agentic-ai-mena.html              301
/what-is-agentic-ai-mena                        /blog/executive-education/what-is-agentic-ai-mena.html              301

/blog/arabic-ai-voice-agents-guide.html         /blog/how-to-guides/arabic-ai-voice-agents-guide.html               301
/blog/arabic-ai-voice-agents-guide              /blog/how-to-guides/arabic-ai-voice-agents-guide.html               301
/arabic-ai-voice-agents-guide.html              /blog/how-to-guides/arabic-ai-voice-agents-guide.html               301
/arabic-ai-voice-agents-guide                   /blog/how-to-guides/arabic-ai-voice-agents-guide.html               301

/blog/darija-ai-challenges.html                 /blog/case-studies/darija-ai-challenges.html                        301
/blog/darija-ai-challenges                      /blog/case-studies/darija-ai-challenges.html                        301
/darija-ai-challenges.html                      /blog/case-studies/darija-ai-challenges.html                        301
/darija-ai-challenges                           /blog/case-studies/darija-ai-challenges.html                        301

# Redirect old blog article URLs to new category locations (Arabic)
/blog/what-is-agentic-ai-mena-ar.html           /blog/executive-education/what-is-agentic-ai-mena-ar.html           301
/blog/what-is-agentic-ai-mena-ar                /blog/executive-education/what-is-agentic-ai-mena-ar.html           301
/what-is-agentic-ai-mena-ar.html                /blog/executive-education/what-is-agentic-ai-mena-ar.html           301
/what-is-agentic-ai-mena-ar                     /blog/executive-education/what-is-agentic-ai-mena-ar.html           301

/blog/arabic-ai-voice-agents-guide-ar.html      /blog/how-to-guides/arabic-ai-voice-agents-guide-ar.html            301
/blog/arabic-ai-voice-agents-guide-ar           /blog/how-to-guides/arabic-ai-voice-agents-guide-ar.html            301
/arabic-ai-voice-agents-guide-ar.html           /blog/how-to-guides/arabic-ai-voice-agents-guide-ar.html            301
/arabic-ai-voice-agents-guide-ar                /blog/how-to-guides/arabic-ai-voice-agents-guide-ar.html            301

/blog/darija-ai-challenges-ar.html              /blog/case-studies/darija-ai-challenges-ar.html                     301
/blog/darija-ai-challenges-ar                   /blog/case-studies/darija-ai-challenges-ar.html                     301
/darija-ai-challenges-ar.html                   /blog/case-studies/darija-ai-challenges-ar.html                     301
/darija-ai-challenges-ar                        /blog/case-studies/darija-ai-challenges-ar.html                     301

# Redirect Arabic blog index shortcuts
/blog-ar                                /blog/index-ar.html                          301
/blog-ar.html                           /blog/index-ar.html                          301

# Redirect category shortcuts (when accessed from root without /blog/ prefix)
/real-estate                            /blog/real-estate/                           301
/real-estate/                           /blog/real-estate/                           301
/executive-education                    /blog/executive-education/                   301
/executive-education/                   /blog/executive-education/                   301
/how-to-guides                          /blog/how-to-guides/                         301
/how-to-guides/                         /blog/how-to-guides/                         301
/case-studies                           /blog/case-studies/                          301
/case-studies/                          /blog/case-studies/                          301

# Redirect category article paths without /blog/ prefix
/real-estate/*                          /blog/real-estate/:splat                     301
/executive-education/*                  /blog/executive-education/:splat             301
/how-to-guides/*                        /blog/how-to-guides/:splat                   301
/case-studies/*                         /blog/case-studies/:splat                    301

# Catch-all for SPA - serve index.html for all other routes (MUST BE LAST)
/*                                      /index.html                                  200
